id,FirstName,LastName,UserName,Email,Avatar,Gender,DoB,Address
6569,Dannie,Kuhic,dannie.kuhic,dannie.kuhic@email.com,https://robohash.org/blanditiisnostrumquam.png?size=300x300&set=set1,Male,2002-10-10,"{'city': 'New Clevelandbury', 'street_name': 'Robel Light', 'street_address': '291 Isidro Islands', 'zip_code': '47738-2112', 'state': 'New Mexico', 'country': 'United States', 'coordinates': {'lat': -46.13617456857374, 'lng': -104.89878467807767}}"
4413,Etsuko,Macejkovic,etsuko.macejkovic,etsuko.macejkovic@email.com,https://robohash.org/etquaequi.png?size=300x300&set=set1,Genderqueer,1969-03-06,"{'city': 'Ritchieborough', 'street_name': 'Cartwright Valleys', 'street_address': '91670 Fallon Courts', 'zip_code': '83809-6719', 'state': 'Indiana', 'country': 'United States', 'coordinates': {'lat': -35.80823683511875, 'lng': 30.73187895815974}}"
3226,Sol,Swaniawski,sol.swaniawski,sol.swaniawski@email.com,https://robohash.org/facerequialaborum.png?size=300x300&set=set1,Male,1963-09-07,"{'city': 'Kuhlmanside', 'street_name': 'Price Plaza', 'street_address': '13178 Klein Highway', 'zip_code': '27578', 'state': 'Alaska', 'country': 'United States', 'coordinates': {'lat': 14.554887468326427, 'lng': 125.75547420567739}}"
4689,Antonia,Hauck,antonia.hauck,antonia.hauck@email.com,https://robohash.org/ullammagnamnihil.png?size=300x300&set=set1,Female,1975-12-26,"{'city': 'New Damionport', 'street_name': 'Irwin Branch', 'street_address': '951 Friesen Wall', 'zip_code': '90448', 'state': 'Oregon', 'country': 'United States', 'coordinates': {'lat': -86.83013697405939, 'lng': 49.210938938726656}}"
1178,Jerilyn,Heaney,jerilyn.heaney,jerilyn.heaney@email.com,https://robohash.org/fugitadipisciautem.png?size=300x300&set=set1,Female,2003-05-06,"{'city': 'Gusikowskichester', 'street_name': 'Walter Lock', 'street_address': '11100 Schimmel Corners', 'zip_code': '53834', 'state': 'New Jersey', 'country': 'United States', 'coordinates': {'lat': 39.46945331232766, 'lng': -91.77108386540135}}"
5458,Freeman,Bruen,freeman.bruen,freeman.bruen@email.com,https://robohash.org/omnisminimaquidem.png?size=300x300&set=set1,Agender,1998-09-05,"{'city': 'Lake Lorette', 'street_name': 'Grady River', 'street_address': '225 Jaquelyn Walk', 'zip_code': '55861-0750', 'state': 'Nevada', 'country': 'United States', 'coordinates': {'lat': 29.195530861161643, 'lng': 114.4716403520236}}"
6086,Angel,Rutherford,angel.rutherford,angel.rutherford@email.com,https://robohash.org/etaperiamenim.png?size=300x300&set=set1,Female,1973-03-19,"{'city': 'East Nia', 'street_name': 'Russel Shores', 'street_address': '76697 Stiedemann Neck', 'zip_code': '66979-9147', 'state': 'Massachusetts', 'country': 'United States', 'coordinates': {'lat': 59.402016191298316, 'lng': 132.81741073834576}}"
1839,Dirk,McGlynn,dirk.mcglynn,dirk.mcglynn@email.com,https://robohash.org/consequaturharumquisquam.png?size=300x300&set=set1,Female,1991-04-06,"{'city': 'Gerlachborough', 'street_name': 'Corkery Knoll', 'street_address': '78727 Bergstrom Meadow', 'zip_code': '03761', 'state': 'Michigan', 'country': 'United States', 'coordinates': {'lat': -54.70106780979437, 'lng': 62.34938995023924}}"
3868,Wilford,O'Connell,wilford.o'connell,wilford.o'connell@email.com,https://robohash.org/illodelectusaliquid.png?size=300x300&set=set1,Male,1962-08-05,"{'city': 'Alyssafort', 'street_name': 'Broderick Passage', 'street_address': '981 Alethea Via', 'zip_code': '18424', 'state': 'Texas', 'country': 'United States', 'coordinates': {'lat': 84.88608777040739, 'lng': 140.06631523911472}}"
5321,Ashley,Leuschke,ashley.leuschke,ashley.leuschke@email.com,https://robohash.org/voluptateconsequunturest.png?size=300x300&set=set1,Bigender,1976-07-27,"{'city': 'Gloverberg', 'street_name': 'Maida Centers', 'street_address': '3641 Katherina Cliffs', 'zip_code': '70085', 'state': 'California', 'country': 'United States', 'coordinates': {'lat': -82.3987130162022, 'lng': 169.2583726477268}}"
